{
  "title": "Example DjVzla",
  "longTitle": "DjVzla Example Feed",
  "description": "A simple example feed that demonstrates the use of optional properties, multiple categories, and multiple games.",
  "thumbnail": "https://i.imgur.com/4lT1CSt.jpg",
  "background": "https://i.imgur.com/IfP6ZnI.jpg",
  "props": {
    "psx_bios": [
      "https://archive.org/download/PlayStationBIOSFilesNAEUJP/scph5500.bin",
      "https://archive.org/download/PlayStationBIOSFilesNAEUJP/scph5501.bin",
      "https://archive.org/download/PlayStationBIOSFilesNAEUJP/scph5502.bin"
    ]
  },
  "categories": [
    {
      "title": "Arcade",
      "longTitle": "Lucha",
      "description": "Juegos de Lucha",
      "thumbnail": "https://i.imgur.com/OjDedze.jpg",
      "background": "https://i.imgur.com/IfvC9S8.jpg",
      "items": [
        {
          "props": {
            "rom": "https://archive.org/download/neo-geo-mvs-romset/breakrev.zip",
            "additionalRoms": [
              "https://archive.org/download/fbnarcade-fullnonmerged/arcade/neogeo.zip"
            ]
          },
          "type": "fbneo-arcade",
          "title": "Breakers Revenge",
          "description": "8 initially selectable characters face off to become the Tae Kwon Do master! After defeating the absolutely WACKY Master Taekuk, he becomes selectable as well to face off against end boss Karate Kenji.",
          "thumbnail": "https://raw.githubusercontent.com/webrcade-assets/webrcade-assets-neogeo-images/master/Named_Titles/resized/Breakers%20Revenge.png",
          "background": "https://raw.githubusercontent.com/webrcade-assets/webrcade-assets-neogeo-images/master/Named_Snaps/output/Breakers%20Revenge.png",
          "backgroundPixelated": true,
          "added": 1701028803185
        },
        {
          "title": "Mortal Kombat",
          "type": "arcade",
          "description": "In Mortal Kombat, the player receives information concerning the backstories of the characters and their relationships with one another mainly in biographies that are displayed when the start button is not pressed, during attract mode in the title screen. These bios featured short videos of the characters taking their fighting stances and text informing the motives for each character to enter the tournament. The game takes place in a fantasy setting, with most of the game's events occurring on the fictional realms of the Mortal Kombat series. The original game is notably the only title in the series that features only one realm, that being Earthrealm. The tournament featured in the story actually takes place fully at Shang Tsung's Island, located somewhere on Earth, with seven of its locations serving as Kombat Zones.",
          "thumbnail": "https://raw.githubusercontent.com/webrcade-assets/webrcade-assets-fbneo-images/master/Named_Titles/resized/Mortal%20Kombat%20(rev%205.0%20T-Unit%2003_19_93).png",
          "background": "https://raw.githubusercontent.com/webrcade-assets/webrcade-assets-fbneo-images/master/Named_Snaps/output/Mortal%20Kombat%20(rev%205.0%20T-Unit%2003_19_93).png",
          "props": {
            "rom": "https://archive.org/download/fbnarcade-fullnonmerged/arcade/mk.zip",
            "additionalRoms": []
          },
          "longTitle": "Mortal Kombat (rev 5.0 T-Unit 03/19/93)",
          "backgroundPixelated": true
        },
        {
          "props": {
            "rom": "https://archive.org/download/fbnarcade-fullnonmerged/arcade/mk2.zip",
            "additionalRoms": []
          },
          "type": "arcade",
          "title": "Mortal Kombat II",
          "longTitle": "Mortal Kombat II (rev L3.1)",
          "thumbnail": "https://raw.githubusercontent.com/webrcade-assets/webrcade-assets-fbneo-images/master/Named_Titles/resized/Mortal%20Kombat%20II%20(rev%20L3.1).png",
          "background": "https://raw.githubusercontent.com/webrcade-assets/webrcade-assets-fbneo-images/master/Named_Snaps/output/Mortal%20Kombat%20II%20(rev%20L3.1).png",
          "added": 1701027894143
        },
        {
          "props": {
            "rom": "https://ia802502.us.archive.org/3/items/fbnarcade-fullnonmerged/arcade/sfa2.zip"
          },
          "type": "arcade",
          "title": "Street Fighter Alpha 2",
          "description": "Street Fighter Alpha 2, known as Street Fighter Zero 2 in Japan, Asia and South America, is a 1996 fighting game originally released for the CPS II arcade hardware by Capcom. The game is both a sequel and a remake to the previous year's Street Fighter Alpha: Warriors' Dreams, which is itself a prequel to the Street Fighter II series in terms of plot and setting",
          "thumbnail": "https://raw.githubusercontent.com/webrcade-assets/webrcade-assets-fbneo-images/master/Named_Titles/resized/Street%20Fighter%20Alpha%202%20(960229%20Euro).png",
          "background": "https://raw.githubusercontent.com/webrcade-assets/webrcade-assets-fbneo-images/master/Named_Snaps/output/Street%20Fighter%20Alpha%202%20(960229%20Euro).png",
          "backgroundPixelated": true,
          "added": 1701028537037
        },
        {
          "props": {
            "discs": [
              "https://drive.google.com/file/d/1Q5X9_G-81kM07lQXuQdBhjVtj89XxNW2/view?usp=drive_link"
            ],
            "uid": "02279e3e-2094-45af-b56f-e9ca92edf4f1",
            "analog": true,
            "skipBios": true
          },
          "type": "beetle-psx",
          "title": "Tekken 3",
          "thumbnail": "https://raw.githubusercontent.com/webrcade-assets/webrcade-assets-psx-images/master/Named_Titles/resized/Tekken%203%20(Europe).png",
          "background": "https://raw.githubusercontent.com/webrcade-assets/webrcade-assets-psx-images/master/Named_Snaps/output/Tekken%203%20(Europe).png",
          "added": 1701029248175,
          "description": "A conversion of the popular arcade beat-em-up which now adds all the characters from Tekken's 1 and 2 and some secret characters, new modes in include Tekken Force mode, Ball mode, etc.",
          "backgroundPixelated": true
        },
        {
          "props": {
            "rom": "https://ia802502.us.archive.org/3/items/fbnarcade-fullnonmerged/arcade/umk3.zip"
          },
          "type": "arcade",
          "title": "Ultimate Mortal Kombat 3",
          "description": "Prepare for the fight of your life! Enter the world of ULTIMATE Mortal Kombat 3 and discover 22 playable characters, classic fatalities, brutalities, friendships, and babalities with tons of environments, and multiplayer Kombat Mode as you fight to defeat",
          "thumbnail": "https://raw.githubusercontent.com/webrcade-assets/webrcade-assets-fbneo-images/master/Named_Titles/resized/Ultimate%20Mortal%20Kombat%203%20(rev%201.0).png",
          "background": "https://raw.githubusercontent.com/webrcade-assets/webrcade-assets-fbneo-images/master/Named_Snaps/output/Ultimate%20Mortal%20Kombat%203%20(rev%201.0).png",
          "backgroundPixelated": true,
          "added": 1701028376824
        },
        {
          "props": {
            "uid": "dc05cb13-1058-4c02-a496-aef13bccff8c",
            "discs": [
              "https://archive.org/download/chd_psx/CHD-PSX-USA/Bloody%20Roar%20II%20%28USA%29.chd"
            ],
            "skipBios": true,
            "analog": true
          },
          "type": "beetle-psx",
          "title": "Bloody Roar",
          "description": "Unlike other beat 'em ups, Bloody Roar has a unique twist. At a press of a button, your character changes into a beast of unique strength and ability over the characters normal attacks. Each character has his/her own beast to transform into, and most battles come down to how you use this transformation to your advantage. \n\nThe same style of Tekken, Street Fighter and Dead or Alive is also re-lived, with over-the-top special moves and combos in a 3D like atmosphere.",
          "thumbnail": "https://raw.githubusercontent.com/webrcade-assets/webrcade-assets-psx-images/master/Named_Titles/resized/Bloody%20Roar%20(USA).png",
          "background": "https://raw.githubusercontent.com/webrcade-assets/webrcade-assets-psx-images/master/Named_Snaps/output/Bloody%20Roar%20(USA).png",
          "backgroundPixelated": true,
          "added": 1701031439686
        }
      ]
    }
  ]
}